iter	MAPE	RMSE
0	0.3135391099	0.7309977267
1	0.3062290802	0.714301205
2	0.2991079472	0.6973624247
3	0.291846186	0.6806206675
4	0.2852476952	0.6649845792
5	0.2785242451	0.6494982462
6	0.2718324702	0.6339960714
7	0.2655069717	0.6199052622
8	0.2592033253	0.6052748596
9	0.2533455305	0.5918413057
10	0.2477239915	0.5785452127
11	0.24182173	0.565376437
12	0.2365774932	0.5529268891
13	0.2312230639	0.5405319772
14	0.2262161734	0.5289437651
15	0.2213003101	0.5180037412
16	0.2162409358	0.5064888883
17	0.2115746184	0.4958490602
18	0.2072758364	0.4856734878
19	0.2032250127	0.4762807272
20	0.1987813909	0.4661266825
21	0.1945699589	0.4565004504
22	0.1903844111	0.4468406718
23	0.1864479578	0.4376661162
24	0.1828036005	0.4292958336
25	0.1790900313	0.4207757862
26	0.1754525683	0.4123588053
27	0.1719420721	0.404257909
28	0.1684161123	0.3962304231
29	0.1651167784	0.3886829822
30	0.1618928088	0.3811240715
31	0.1588914513	0.3744858407
32	0.1559261754	0.3675783495
33	0.1531574953	0.361012639
34	0.1504472733	0.3546709181
35	0.1477919072	0.3484965582
36	0.145150622	0.3424234743
37	0.1425455748	0.3364574962
38	0.1401334256	0.3308926455
39	0.1379226158	0.3257976516
40	0.1355122275	0.3202103549
41	0.1333958952	0.3153179256
42	0.13109689	0.3100770593
43	0.1289817418	0.305107256
44	0.1269311895	0.3003231075
45	0.1250295477	0.2959510911
46	0.1232319447	0.2917133985
47	0.1214861914	0.2875536551
48	0.119646253	0.2833305049
49	0.1179236018	0.2792672805
50	0.1162470922	0.2752089901
51	0.1144767801	0.2712646783
52	0.1129170294	0.2675736397
53	0.1112276412	0.2635690237
54	0.1097500169	0.2601725575
55	0.1083011723	0.256739449
56	0.106877765	0.2534093721
57	0.1054691285	0.2501460633
58	0.1041819296	0.2472002592
59	0.1030674838	0.2444111422
60	0.1018039444	0.2413141257
61	0.1005672485	0.2383279943
62	0.09950260607	0.2355848681
63	0.09855361331	0.2331688609
64	0.09750109612	0.2305044272
65	0.09643391559	0.2279859573
66	0.09534564783	0.2255372811
67	0.09438588082	0.2232625941
68	0.0934084955	0.2208728083
69	0.09257869374	0.2188278477
70	0.09165560205	0.2166654044
71	0.09086716074	0.2146999075
72	0.09001628157	0.2127191633
73	0.08913379188	0.2106532962
74	0.08834112186	0.2087606322
75	0.08753746013	0.2069185149
76	0.08673606822	0.205027784
77	0.08600218061	0.2032931141
78	0.08524663998	0.2015784844
79	0.08450599407	0.1998610806
80	0.08381414208	0.1982221249
81	0.08314678115	0.1966674541
82	0.08252250256	0.1952186851
83	0.08180253824	0.1935527579
84	0.08121512662	0.1921624834
85	0.08067478426	0.190880219
86	0.08012201617	0.189553058
87	0.07954033568	0.1881209694
88	0.07897548934	0.1868690879
89	0.07847997125	0.1857376215
90	0.07804026349	0.1845622905
91	0.07751503063	0.1833459237
92	0.07696088967	0.1820698226
93	0.07647706167	0.1809370331
94	0.07601251214	0.179816985
95	0.07558436036	0.1787358597
96	0.07512715435	0.1776183321
97	0.07475428643	0.1766689449
98	0.07436040751	0.1756516675
99	0.07395979431	0.1746486359
100	0.07357936883	0.1737447997
101	0.07321522245	0.1728294953
102	0.07288917724	0.1720467852
103	0.07245347511	0.1711067407
104	0.07206980228	0.1701894608
105	0.07171443067	0.1693133576
106	0.07133174901	0.1684412193
107	0.07100799027	0.1676462739
108	0.07070776602	0.1668889494
109	0.07044069879	0.1661714293
110	0.07010521806	0.165351925
111	0.06978038914	0.1646406008
112	0.06950405472	0.1639974873
113	0.06922348124	0.1633355682
114	0.068973943	0.1627003688
115	0.06869351706	0.1620510726
116	0.06846881496	0.1614857679
117	0.06819957104	0.1608451981
118	0.06791117796	0.1602380216
119	0.06769652635	0.1597200553
120	0.0674704833	0.159128865
121	0.06726486569	0.1586350637
122	0.06708959663	0.1581316793
123	0.06682341692	0.1575304521
124	0.06659939641	0.1570718944
125	0.06638744603	0.1565182108
126	0.06623791856	0.1560412993
127	0.06604709026	0.1555784287
128	0.06582657201	0.1550304408
129	0.06552306789	0.1543474222
130	0.0653165787	0.1538492414
131	0.0651062276	0.1533835842
132	0.0649708562	0.1528955195
133	0.06475366868	0.1523703628
134	0.06466692281	0.1520649611
135	0.06446376574	0.1516466744
136	0.06427781251	0.1511956454
137	0.06407038569	0.1507167671
138	0.06386650632	0.1502587073
139	0.06367283807	0.1498306984
140	0.0634937354	0.1494497419
141	0.06335245545	0.1491099587
142	0.06321125938	0.1487010126
143	0.06303041871	0.1483463908
144	0.06287697051	0.1480123213
145	0.06274578064	0.1476724823
146	0.06252846964	0.1471730654
147	0.06240971034	0.1468679517
148	0.06232345295	0.1466023251
149	0.06215661128	0.1462759948
150	0.06192213291	0.145778503
151	0.06179408761	0.145418966
152	0.06165867621	0.1450724016
153	0.06156784776	0.1448152877
154	0.06141200552	0.1444765393
155	0.06135251706	0.1443026358
156	0.06123613101	0.1440202461
157	0.06115112529	0.143760452
158	0.06103979162	0.1434858568
159	0.06083244904	0.143057928
160	0.0606442583	0.1426510041
161	0.06054615108	0.1423620846
162	0.06048264647	0.1421741388
163	0.06039693058	0.1419263616
164	0.06014477883	0.1414976442
165	0.06012015647	0.1414236469
166	0.05991857633	0.1410490351
167	0.05973188643	0.1406582082
168	0.05963782423	0.1404241887
169	0.05949493276	0.1401189819
170	0.05943841767	0.1398902623
171	0.05927346414	0.1395291517
172	0.05919541162	0.1393028992
173	0.05906873298	0.1390073376
174	0.05897562661	0.1387628458
175	0.05887173334	0.1384996984
176	0.05880407373	0.1383158599
177	0.05865730927	0.1380403166
178	0.05849267441	0.1376881764
179	0.05830861981	0.137340198
180	0.05826131913	0.1371786554
181	0.05810523895	0.1368349505
182	0.05802935194	0.1366029441
183	0.05792582635	0.1363823081
184	0.0577875753	0.1361122314
185	0.05769832974	0.1359189972
186	0.05764778529	0.1357107568
187	0.05759023799	0.1354925099
188	0.05755382902	0.13537522
189	0.05737759867	0.1350447675
190	0.05730705565	0.1348379693
191	0.05721367313	0.1345945246
192	0.05713335961	0.1344164255
193	0.05700917497	0.1341810775
194	0.05693995518	0.1339787048
195	0.05687853663	0.1338004702
196	0.05682404491	0.1336331538
197	0.05674987915	0.1334525657
198	0.0566769993	0.1332731944
199	0.05662955898	0.1330797435
200	0.05652036699	0.1328525856
201	0.0563900542	0.1325959949
202	0.05628981975	0.1323706024
203	0.056166034	0.1321454223
204	0.05609381414	0.1319420136
205	0.05596897143	0.1316770562
206	0.05586507471	0.1314775987
207	0.05579641062	0.1313387928
208	0.0557326104	0.1311856886
209	0.05563154113	0.1310011236
210	0.05557890594	0.1308632944
211	0.05544526207	0.1305874266
212	0.05537175631	0.1304420428
213	0.05528560323	0.1302507586
214	0.05522294041	0.1300943375
215	0.05508360199	0.1297963384
216	0.05496011307	0.1295038867
217	0.05490235926	0.1293144208
218	0.05479619668	0.129087665
219	0.05470287208	0.1288855886
220	0.05463170537	0.128695398
221	0.05454610223	0.1284855746
222	0.05450621734	0.1283378413
223	0.05446540409	0.1282202135
224	0.05440170655	0.1280870266
225	0.05431106695	0.1279062851
226	0.05420355048	0.1276924599
227	0.05410796733	0.1275151688
228	0.05405201239	0.127357313
229	0.05396358735	0.1271877202
230	0.05389310487	0.1270029549
231	0.05380403662	0.126806494
232	0.05372230959	0.1266236864
233	0.05369487453	0.126536131
234	0.05363020724	0.1263679536
235	0.05355999013	0.1262447411
236	0.0534482817	0.1260420479
237	0.05344264741	0.1260106405
238	0.05337478229	0.1258449136
239	0.0533349891	0.1257576524
240	0.0532849163	0.1256592856
241	0.05320168099	0.1254928431
242	0.05312730097	0.1253195973
243	0.0530285882	0.1251371046
244	0.05296622832	0.1249699356
245	0.05292975196	0.1248719563
246	0.05288111422	0.1247641039
247	0.0527997363	0.1245507157
248	0.05270871179	0.1243427443
249	0.05266296691	0.1241961394
250	0.052577421	0.1240051394
251	0.05248382978	0.1237665105
252	0.05241609201	0.1236481406
253	0.05236454703	0.1235527765
254	0.05232816277	0.1234568673
255	0.05227156398	0.1233171945
256	0.05222131305	0.1231675136
257	0.05212533188	0.1230084008
258	0.05208189776	0.1228997303
259	0.0520376798	0.1227892372
260	0.05195608009	0.1226208461
261	0.05191063157	0.1225118978
262	0.05182816883	0.1223618418
263	0.05178246676	0.1222260939
264	0.05173306864	0.1220927044
265	0.0517002846	0.1219783647
266	0.05163310725	0.1218366105
267	0.05160600439	0.1217630555
268	0.05155415888	0.1216308342
269	0.05147506714	0.1214644387
270	0.05139941552	0.1213164383
271	0.05131345139	0.121114446
272	0.05127572197	0.1209899427
273	0.05120849851	0.1208195778
274	0.05116329601	0.1206933789
275	0.05112347006	0.1205776851
276	0.05106197953	0.1204514068
277	0.05101794664	0.1202856508
278	0.05095926542	0.1201704311
279	0.05087396445	0.1200152953
280	0.05083755711	0.119925451
281	0.05080545298	0.1198525072
282	0.05072410393	0.1197080982
283	0.05067549521	0.119574446
284	0.05060828	0.1194336345
285	0.05056837213	0.1192977232
286	0.05052617772	0.1191831391
287	0.0504386993	0.1190298978
288	0.05037490917	0.118872766
289	0.05032817118	0.1187741139
290	0.0502850221	0.1186560407
291	0.05022267746	0.1185167428
292	0.05016027387	0.1183905467
293	0.05009151463	0.11825372
294	0.05003136645	0.1181344937
295	0.04995998694	0.1179832048
296	0.04992279804	0.1179003981
297	0.04988847856	0.1177840255
298	0.04980474516	0.1176227183
299	0.04975252217	0.117509367
300	0.04968181915	0.1173609455
301	0.04964359772	0.1172382831
302	0.04956176714	0.1170641318
303	0.04950696979	0.1169553013
304	0.04947562521	0.1168583529
305	0.04944351926	0.1167679255
306	0.0493964504	0.1166539763
307	0.04934991847	0.1165611624
308	0.04926891662	0.1163890973
309	0.04924216493	0.1163351513
310	0.04917894959	0.11619706
311	0.04914454264	0.1160734382
312	0.04907178828	0.1158935313
313	0.04904911923	0.1158121895
314	0.04901122892	0.1157069381
315	0.04897647804	0.1156095136
316	0.04893654146	0.1154982901
317	0.04888001086	0.1153720968
318	0.04882391756	0.115248426
319	0.04879349422	0.1151694067
320	0.04874197354	0.1150318727
321	0.04870723881	0.1149488976
322	0.04863372434	0.1148025026
323	0.04862054865	0.1147461418
324	0.04859851568	0.1146932145
325	0.04859288031	0.1146708728
326	0.04853915038	0.1145636975
327	0.04852011568	0.1144879442
328	0.04849997608	0.1144292472
329	0.04843714671	0.1142607618
330	0.04839143923	0.1141239582
331	0.04832933452	0.1140062195
332	0.04827475367	0.1138756398
333	0.04822138991	0.1137561808
334	0.04818402136	0.1136358534
335	0.04811997114	0.1135133946
336	0.04811678066	0.1134977808
337	0.04803237965	0.1133258622
338	0.04802421926	0.1132953003
339	0.04800944401	0.1132431781
340	0.04796596871	0.1131368733
341	0.04796215933	0.1131170088
342	0.0479064542	0.1130139666
343	0.04786748041	0.112929816
344	0.04781413338	0.1128358186
345	0.04781100659	0.1128205634
346	0.04777681482	0.1126898169
347	0.04773193094	0.112616741
348	0.04765370203	0.1124574621
349	0.0476370682	0.1123984037
350	0.04759196949	0.1123044297
351	0.04758771862	0.1122807387
352	0.0475685544	0.1122433597
353	0.04754213216	0.1121708159
354	0.04750528449	0.1120346112
355	0.04745334509	0.1118918007
356	0.04742572354	0.111827666
357	0.04742074235	0.1118120626
358	0.04741379311	0.111789726
359	0.04736280109	0.1116408755
360	0.04732023263	0.111567927
361	0.04725000178	0.1114319894
362	0.04722371245	0.1113463361
363	0.0471677763	0.1112214189
364	0.04713572452	0.1111087101
365	0.04706333279	0.1109607002
366	0.04705978637	0.1109448069
367	0.04702345425	0.1108242754
368	0.04698267886	0.1107300357
369	0.04694802607	0.1106581033
370	0.04691333231	0.110553762
371	0.04683958424	0.1104067088
372	0.04683648409	0.1103924093
373	0.0468058884	0.1102947769
374	0.04676069776	0.1101873057
375	0.04672543901	0.1100540027
376	0.04672266045	0.1100445667
377	0.0466801772	0.1099003842
378	0.04665884652	0.1098418987
379	0.04662138762	0.1097105907
380	0.04661759061	0.1096912378
381	0.04657412628	0.1095774816
382	0.04652959837	0.1094919017
383	0.04649410308	0.1093649116
384	0.04641423603	0.109236887
385	0.04640143231	0.1092081515
386	0.0463695257	0.1091187198
387	0.04636654797	0.1091055594
388	0.04633099812	0.109011805
389	0.04627917319	0.1089250301
390	0.04626907091	0.108894097
391	0.04626578366	0.1088818834
392	0.04620025507	0.1087521339
393	0.04619726696	0.1087378428
394	0.04618829129	0.1086926665
395	0.04618603008	0.1086856551
396	0.04612594623	0.1085649976
397	0.0460957882	0.1084947156
398	0.0460926724	0.1084771583
399	0.04604723792	0.1083778627
400	0.04600874247	0.1082711445
401	0.04596280263	0.1081455127
402	0.04591558867	0.108044896
403	0.04588363098	0.1079217267
404	0.04583814258	0.1078005951
405	0.04578835824	0.1076533402
406	0.0457586743	0.1075870829
407	0.04572791162	0.1074730205
408	0.04569496279	0.1073516278
409	0.04564026531	0.1072387562
410	0.04559802803	0.1071520931
411	0.04558776202	0.1071296928
412	0.04554195658	0.1069964885
413	0.04549599432	0.1069018568
414	0.04549338058	0.1068886489
415	0.0454529123	0.1067996103
416	0.0454497685	0.1067896762
417	0.04542854733	0.1067254142
418	0.04540983099	0.1066656927
419	0.0453981208	0.1066223843
420	0.04538196985	0.1065648226
421	0.0453563492	0.1064839232
422	0.04529646605	0.1063397373
423	0.04525149647	0.1062164495
424	0.04524936023	0.1062101769
425	0.04520960365	0.10614015
426	0.04517257097	0.1060316796
427	0.04509485687	0.1058765032
428	0.04509284085	0.1058687337
429	0.04506448891	0.1057746961
430	0.04501827995	0.1056854285
431	0.04497528327	0.1056053384
432	0.04491578756	0.1054611295
433	0.04486567427	0.1053362289
434	0.04486387935	0.1053300935
435	0.04480333806	0.1052081077
436	0.04479037394	0.1051631566
437	0.04472106415	0.1050396209
438	0.04467212935	0.1049360438
439	0.04466965726	0.1049277595
440	0.04463624513	0.1048508566
441	0.04463437897	0.1048456393
442	0.04463259525	0.1048403837
443	0.04462377985	0.1048039156
444	0.04459477019	0.1047157224
445	0.04454778996	0.1046192338
446	0.04450954245	0.1045406389
447	0.0444648242	0.1044362095
448	0.04441496214	0.1043329247
449	0.04437797291	0.104238625
450	0.04433533469	0.1041518209
451	0.04429986457	0.1040475361
452	0.0442523516	0.1039546463
453	0.0441934189	0.103834871
454	0.04415118535	0.1037443003
455	0.04411776532	0.1036295547
456	0.04409943126	0.103580243
457	0.04407680678	0.1034872126
458	0.04405395443	0.1034053556
459	0.04402327575	0.1033080781
460	0.04398977581	0.1032450143
461	0.04396057765	0.1031581605
462	0.04393824958	0.103092548
463	0.04390770275	0.103025616
464	0.04388945531	0.1029770585
465	0.0438679076	0.1029127808
466	0.04383500534	0.1028183647
467	0.04377691024	0.1027098799
468	0.04373850791	0.1026229745
469	0.04370227458	0.1025387917
470	0.04366782346	0.1024451833
471	0.04365967628	0.1024133199
472	0.04363356106	0.102345296
473	0.04359050052	0.1022739969
474	0.0435445812	0.1021819292
475	0.04352550623	0.1021265247
476	0.04350673737	0.1020805271
477	0.04345579818	0.1019447237
478	0.04342919264	0.1018775477
479	0.04337648146	0.1017685825
480	0.04335080388	0.1016798383
481	0.0432954916	0.1015651527
482	0.04327574392	0.1014969749
483	0.04325244572	0.1014127924
484	0.04322902891	0.101372276
485	0.04320669821	0.1012906225
486	0.04319810763	0.1012597717
487	0.04319610628	0.1012505329
488	0.04317924927	0.101203468
489	0.04316080981	0.1011296774
490	0.04309244346	0.1009779029
491	0.0430721961	0.1009186209
492	0.0430357737	0.10083896
493	0.04301784069	0.1007642168
494	0.04298889369	0.1006861384
495	0.04294954566	0.1005760798
496	0.04292969292	0.1005249136
497	0.0428880661	0.1004249229
498	0.04283884422	0.1003173381
499	0.04279417145	0.1002219223
500	0.04276115162	0.1001297697
501	0.04271385807	0.1000307651
502	0.04269705723	0.09999489366
503	0.04266660824	0.09991093163
504	0.04265049247	0.0998461299
505	0.04260597367	0.09974729161
506	0.04256626954	0.09966770877
507	0.04253591889	0.09959869567
508	0.04249883067	0.09951444975
509	0.04248387737	0.09946740233
510	0.04242681034	0.09935316981
511	0.04238403592	0.09921143803
512	0.04235248391	0.09913552914
513	0.04234292143	0.09910358477
514	0.04231990754	0.09904641363
515	0.04229356732	0.09900385004
516	0.04229036368	0.0989968917
517	0.04227350413	0.0989468783
518	0.04224838719	0.09887134932
519	0.04221154079	0.09878907741
520	0.04217476655	0.09869691089
521	0.04213331905	0.09862645646
522	0.042100556	0.09856200067
523	0.04206877175	0.09847244728
524	0.04202513438	0.09838324079
525	0.04197093395	0.0982513164
526	0.04193230328	0.09816786986
527	0.04189337071	0.09804646029
528	0.04184452699	0.09794862703
529	0.0418321254	0.09789339718
530	0.04181184858	0.09782660827
531	0.04178097653	0.09774881501
532	0.04173353367	0.0976138729
533	0.04169655011	0.09752415053
534	0.04166891981	0.09743441164
535	0.04163194729	0.09734676763
536	0.04159911197	0.09727560048
537	0.04156749172	0.09721650041
538	0.04156115532	0.09719134884
539	0.04152492567	0.09709896443
540	0.04149416136	0.09704370447
541	0.04145174087	0.09696152835
542	0.04141638335	0.09687596517
543	0.0413826536	0.09681827694
544	0.04133963753	0.09667986436
545	0.04130818348	0.09659604855
546	0.04129222175	0.0965376135
547	0.04125358405	0.09645926568
548	0.04123621553	0.0964044104
549	0.04122855652	0.09637591956
550	0.04120062472	0.09630837115
551	0.04114715989	0.09619179272
552	0.04112526375	0.09611770726
553	0.04108172293	0.09602071251
554	0.04104616526	0.09594659003
555	0.04102812981	0.09588809075
556	0.04100455406	0.09584280679
557	0.041002633	0.09583701877
558	0.04099007072	0.09581333154
559	0.04096419037	0.09574811485
560	0.04092478889	0.0956480403
561	0.04089735541	0.09559554629
562	0.04089566417	0.09559176145
563	0.04085301017	0.09549876622
564	0.0408077449	0.09540828121
565	0.04075092179	0.09531022467
566	0.04072843187	0.09524692575
567	0.04070313902	0.09518814025
568	0.04066077836	0.09509122475
569	0.04064671082	0.0950363789
570	0.04063406954	0.09499351135
571	0.04059498782	0.09489168637
572	0.04055917073	0.09481441618
573	0.04054269454	0.09475887096
574	0.04053050129	0.09473137069
575	0.04049055224	0.09465024373
576	0.04045738791	0.09458581861
577	0.04042197496	0.09450479831
578	0.04037607322	0.09441609636
579	0.04035454231	0.09435974685
580	0.04035313794	0.09435652566
581	0.04031725304	0.09427987487
582	0.04031599223	0.09427719896
583	0.04031167553	0.0942604252
584	0.04028966597	0.09419638771
585	0.04028449308	0.09417518573
586	0.04024436986	0.09406536984
587	0.04023240396	0.09402252399
588	0.0402143405	0.09396712022
589	0.04018533621	0.09391090522
590	0.0401612409	0.09384636052
591	0.04012966008	0.09379266114
592	0.0401099954	0.09372697751
593	0.04007605197	0.09362613096
594	0.04004116207	0.09352906454
595	0.04000632125	0.09346089042
596	0.03998133011	0.09338135341
597	0.03996220798	0.09331505048
598	0.03996102039	0.09331257821
599	0.03993689259	0.09325152361
600	0.0399251109	0.09321992474
601	0.03992204387	0.09320859005
602	0.03989547534	0.09312916828
603	0.03986005523	0.09301802712
604	0.0398454532	0.09296267268
605	0.03981478921	0.09286179461
606	0.03978307835	0.09279930882
607	0.03975351895	0.09271215405
608	0.03972113954	0.09265649083
609	0.03968375273	0.09258144867
610	0.03965788522	0.09249946635
611	0.03963525828	0.09242937722
612	0.03960958149	0.09237525696
613	0.03960834865	0.09237268498
614	0.03958724092	0.09231097217
615	0.03955840131	0.09223196017
616	0.03952895906	0.09215235505
617	0.03950387077	0.09208884408
618	0.03947589821	0.09202680861
619	0.03943770761	0.09194934291
620	0.03941126229	0.09186109721
621	0.03938951719	0.09180846943
622	0.03938115471	0.09178491724
623	0.03934975124	0.09169592631
624	0.03932786075	0.09162849992
625	0.03929757078	0.09157051512
626	0.03927240168	0.09151691222
627	0.03923840008	0.09142309854
628	0.0392076458	0.09135989315
629	0.03918853612	0.09130103323
630	0.03916101886	0.09122728609
631	0.03914367371	0.09118333325
632	0.03911040809	0.09110193309
633	0.03910924875	0.09109954588
634	0.03907926109	0.09101717499
635	0.039040966	0.09094313738
636	0.03899697248	0.09083669284
637	0.03897624661	0.09078748911
638	0.03894976638	0.09072983815
639	0.03894842233	0.09072387692
640	0.03893215551	0.09067703763
641	0.03890077641	0.09059211334
642	0.03889974647	0.09058993715
643	0.03887791195	0.09052541528
644	0.03885384285	0.09046479526
645	0.03885272753	0.0904625664
646	0.03884532951	0.0904471263
647	0.03881755773	0.09040659778
648	0.03879262763	0.09034908511
649	0.03877560716	0.09029459021
650	0.03873813661	0.09021722322
651	0.03871259395	0.09014848236
652	0.0386930962	0.09012151256
653	0.03864927593	0.09003090655
654	0.03862688984	0.08997085953
655	0.03862588396	0.08996853423
656	0.03860955228	0.08992276592
657	0.0385983489	0.08988393354
658	0.03854432188	0.08977485973
659	0.03851980729	0.08971366907
660	0.03851169339	0.08968352865
661	0.03849491752	0.08963267491
662	0.03847632487	0.08958312634
663	0.03845615093	0.08953833258
664	0.03841240466	0.08944502119
665	0.03838175291	0.08938120688
666	0.03836231455	0.08933962517
667	0.03834530853	0.08928907408
668	0.03831559618	0.0892281524
669	0.03829498815	0.08919525158
670	0.03827986963	0.0891443651
671	0.03822970345	0.08903170789
672	0.03819563342	0.08896288892
673	0.03816149779	0.08889318255
674	0.03813850011	0.08884439711
675	0.03811015528	0.08876944005
676	0.03807186367	0.0886647103
677	0.03804935605	0.08861486817
678	0.03801547078	0.08856174176
679	0.03801404104	0.08855643512
680	0.0380049095	0.08852262872
681	0.03797850794	0.08845402029
682	0.03795845	0.08839138681
683	0.0379478517	0.08836239284
684	0.03792537096	0.08831117928
685	0.03789819829	0.08824621351
686	0.03788979491	0.08821484306
687	0.03786983782	0.08817264025
688	0.03783667168	0.08810770188
689	0.03781626202	0.08805701121
690	0.03779785598	0.08800547802
691	0.03777224897	0.08795080164
692	0.03775559936	0.08790457363
693	0.03772199391	0.08783232827
694	0.03771087929	0.08780978847
695	0.03769028904	0.08776503805
696	0.03765799523	0.08769192638
697	0.03764496659	0.08765368698
698	0.03762699926	0.08760873488
699	0.03759190082	0.08754282113
700	0.03755293688	0.08744366264
701	0.03752510154	0.08737032132
702	0.03750096775	0.08733667214
703	0.03748025814	0.08729103193
704	0.03746055055	0.08723700701
705	0.03744852737	0.08719745144
706	0.03743515786	0.08715488228
707	0.03741922098	0.08712106024
708	0.03740120499	0.08707945001
709	0.03736845474	0.08700651296
710	0.03734813198	0.08695723978
711	0.03734476944	0.08694669733
712	0.03733258989	0.08690839177
713	0.03733070554	0.086903161
714	0.03730535403	0.08684122041
715	0.03728153534	0.08678060555
716	0.03727297027	0.08675772316
717	0.03723098275	0.08666915278
718	0.03720315402	0.08661775667
719	0.03718634376	0.08657616188
720	0.03718492796	0.08657303647
721	0.03715913475	0.08650483206
722	0.03713353654	0.08644696785
723	0.03710503897	0.08638885224
724	0.03709042404	0.08635552954
725	0.03706910591	0.0862942105
726	0.03705108348	0.08624093781
727	0.03702147774	0.08616512534
728	0.0369899332	0.08610527914
729	0.03696496906	0.08604090811
730	0.03694623485	0.08598822955
731	0.03693405611	0.08594648239
732	0.03691324912	0.08587621227
733	0.03688180954	0.08580789818
734	0.03685304079	0.08574614419
735	0.03683150033	0.08568156532
736	0.0368306622	0.08568015532
737	0.03681440787	0.0856350805
738	0.03679264131	0.08558816617
739	0.03676311694	0.08552601611
740	0.03675859192	0.08551371498
741	0.03674174956	0.08546670089
742	0.03672256178	0.08540644379
743	0.03672175447	0.0854049613
744	0.03670101233	0.08535809653
745	0.036677683	0.08530472076
746	0.03665881139	0.08525090583
747	0.03662495971	0.08518372785
748	0.0366241324	0.08518215644
749	0.03659951654	0.08511948728
750	0.03656880243	0.08506015512
751	0.03654248483	0.08500757984
752	0.03652220252	0.08495824162
753	0.03650127531	0.08491628932
754	0.03648248654	0.08486359254
755	0.03646631978	0.08482377626
756	0.0364457797	0.08477655182
757	0.03642915688	0.08473775308
758	0.03641069138	0.08469729726
759	0.03638959446	0.08464230479
760	0.03636435006	0.08458681324
761	0.03633196567	0.08452787655
762	0.03631976552	0.08450321674
763	0.0363159472	0.0844940272
764	0.03630428763	0.08446239085
765	0.03627927332	0.08439323174
766	0.03627618736	0.08438402634
767	0.03626196313	0.08434596832
768	0.03624020145	0.08429988887
769	0.03622990983	0.08426452056
770	0.03621313062	0.0842200557
771	0.03619735187	0.08417388605
772	0.03617891374	0.0841351044
773	0.03616579335	0.08410224812
774	0.03613931744	0.08403116908
775	0.03612190955	0.08397514501
776	0.03610463559	0.08393874186
777	0.03608859109	0.08390819885
778	0.03608013699	0.0838842477
779	0.03605153026	0.08380149464
780	0.03602192742	0.08374247335
781	0.03599670478	0.08368336073
782	0.03596744081	0.08361453116
783	0.0359430175	0.08353891095
784	0.03592773175	0.08350707951
785	0.03591003533	0.08347081183
786	0.03589730306	0.08343110283
787	0.03589350073	0.08342016911
788	0.03588605407	0.08339988606
789	0.0358587914	0.08334545235
790	0.03584938469	0.08331264772
791	0.03582714803	0.08324968763
792	0.03579675039	0.08318711599
793	0.03577003693	0.08312976421
794	0.03574477295	0.08307182913
795	0.03574172895	0.08306504942
796	0.03570645207	0.08300120124
797	0.03568994406	0.08295825917
798	0.03566517588	0.08290978353
799	0.03564425303	0.08285691499
800	0.03562923949	0.08281296667
801	0.0356091878	0.08276075726
802	0.03560020952	0.08273552598
803	0.03558499101	0.08269303704
804	0.03556586036	0.08265036649
805	0.03553363188	0.0825905381
806	0.03551553008	0.08255065709
807	0.03549501287	0.08250216518
808	0.03547095346	0.08244937446
809	0.03545019608	0.08239938058
810	0.03543980364	0.08237643786
811	0.03541676534	0.08233440562
812	0.03540248003	0.08229465084
813	0.03538511899	0.0822521169
814	0.03537201026	0.08220865781
815	0.03535200912	0.08217072226
816	0.03533724774	0.0821381318
817	0.03531921921	0.08208654799
818	0.03529310569	0.08200874118
819	0.03527295898	0.08194487127
820	0.03524524143	0.08189338818
821	0.03521489318	0.0818396217
822	0.03519174956	0.08178946634
823	0.03516819411	0.08174884279
824	0.03514648936	0.08169005914
825	0.03512850051	0.08164670108
826	0.03511466641	0.08160820741
827	0.03509274916	0.08156679373
828	0.03507900159	0.08152670746
829	0.03505168079	0.08147240758
830	0.03504294593	0.08145100827
831	0.0350148993	0.08139493898
832	0.03498453556	0.08133553208
833	0.03495504012	0.08127265034
834	0.03493908621	0.08124142466
835	0.03489797189	0.08116605818
836	0.03488054053	0.08112040367
837	0.03486312469	0.08107122398
838	0.03483919467	0.08100803106
839	0.03483274039	0.08099203466
840	0.03480998586	0.08094898921
841	0.0347934887	0.08090895511
842	0.03477285783	0.08086181759
843	0.03474289991	0.08080115032
844	0.0347129262	0.08073820604
845	0.03469055117	0.08069411775
846	0.03466440579	0.08064449109
847	0.034660945	0.08063718437
848	0.03465287216	0.08061799252
849	0.03463659081	0.08058140517
850	0.03461845839	0.08053983117
851	0.03460595841	0.08050518865
852	0.03457850453	0.08046112595
853	0.03456504978	0.080424498
854	0.03454716049	0.08038027561
855	0.0345119176	0.08030845852
856	0.03448251757	0.08025016798
857	0.03446252419	0.08019660188
858	0.03444543978	0.08015241442
859	0.0344329901	0.08012208103
860	0.03442163196	0.08009411873
861	0.03441337945	0.0800702007
862	0.03439028694	0.08002385557
863	0.03437786006	0.0799847029
864	0.03436239013	0.07993154323
865	0.03434870595	0.07989881175
866	0.03433552897	0.07987157126
867	0.03432628154	0.07984641486
868	0.03430544621	0.07979554523
869	0.03429530416	0.07976843738
870	0.03428303787	0.07972750438
871	0.03425340666	0.07967240356
872	0.03420985189	0.07957102132
873	0.0341973374	0.07954074109
874	0.03417706012	0.07949696828
875	0.03416058168	0.07944519261
876	0.03413658238	0.07940041401
877	0.03411677251	0.07936145494
878	0.03410250609	0.07932321251
879	0.03408442385	0.07927893599
880	0.03406867386	0.07923780462
881	0.03405842048	0.07920481137
882	0.03403840437	0.07915487206
883	0.03402809333	0.07911460665
884	0.03400872241	0.07906667141
885	0.0339931537	0.07903195309
886	0.03397382688	0.07898888773
887	0.0339480794	0.07893232375
888	0.03394171767	0.07890823527
889	0.03392591802	0.07887343993
890	0.03391322061	0.07884246637
891	0.0338940409	0.07881310337
892	0.0338819504	0.07878480682
893	0.03385965661	0.07873781191
894	0.03385029404	0.07870416902
895	0.03383059614	0.07866182532
896	0.03380832452	0.07861474001
897	0.03378675994	0.07856298834
898	0.03376230143	0.07851407659
899	0.03374453737	0.07846554737
900	0.03372598888	0.07842405296
901	0.03372343892	0.07841889147
902	0.0337067097	0.07838104177
903	0.03370499507	0.07837650559
904	0.03369542507	0.07834883914
905	0.03367650091	0.07830946903
906	0.03366087004	0.07826874359
907	0.03363961969	0.07822813212
908	0.03363116568	0.07820059047
909	0.03361380038	0.07814680361
910	0.03360209842	0.07811145408
911	0.03357153103	0.07805802759
912	0.03356997634	0.07805576249
913	0.03356860856	0.07805398305
914	0.03356412218	0.07804220772
915	0.03353893253	0.0779880228
916	0.0335222613	0.07794167849
917	0.03349690931	0.07789149918
918	0.03348725556	0.0778640205
919	0.03346347517	0.07781131216
920	0.03343720842	0.07775215491
921	0.0334137546	0.07769403276
922	0.03339741799	0.07764209267
923	0.03338073051	0.07760239534
924	0.03335212432	0.07755386598
925	0.03333267079	0.07751820717
926	0.03330698985	0.07744906004
927	0.03328469084	0.07740449181
928	0.03327562339	0.07737692075
929	0.03326138037	0.07734757134
930	0.03324026265	0.07729767008
931	0.03320831445	0.07721980711
932	0.03319679208	0.07718931444
933	0.03318501951	0.07715510485
934	0.03317921452	0.07714245398
935	0.03317414446	0.07712871207
936	0.03316108921	0.07708163283
937	0.03315050541	0.07705699328
938	0.03313765207	0.07701775729
939	0.03311475665	0.07696878209
940	0.03310999372	0.07694947204
941	0.03308736988	0.07689721317
942	0.0330716519	0.07684571628
943	0.03305482682	0.07679863348
944	0.03304398129	0.07676694518
945	0.03303153232	0.07674043906
946	0.03301395023	0.07668959801
947	0.03299986677	0.07665030863
948	0.03297736147	0.07658970658
949	0.03295752067	0.07653610034
950	0.03294135359	0.07648638237
951	0.03292061355	0.07645190673
952	0.03292003754	0.07645100402
953	0.03290060085	0.07641769355
954	0.0328802948	0.07637397275
955	0.03286594337	0.07634604212
956	0.03285080865	0.0762996017
957	0.03283564954	0.07626162474
958	0.03281579417	0.07620887284
959	0.0328041314	0.07619091565
960	0.03280022977	0.07618396779
961	0.03277737766	0.07613473037
962	0.03275387441	0.07609116246
963	0.0327479607	0.07607162292
964	0.03274497417	0.07606844692
965	0.03271875613	0.07601807556
966	0.03270822325	0.07598424685
967	0.03268816102	0.07593674147
968	0.03266598723	0.07588539229
969	0.03265013302	0.07585401835
970	0.03263885753	0.0758233715
971	0.0326140018	0.07576968112
972	0.03259454266	0.07573394603
973	0.03257779895	0.07569258599
974	0.03255997304	0.0756457357
975	0.0325521348	0.07562141923
976	0.03253691037	0.07559078832
977	0.03251220362	0.07554252711
978	0.03251093212	0.07554128545
979	0.03249929855	0.07551338721
980	0.03248882529	0.07548701116
981	0.0324783921	0.07545496479
982	0.03246365268	0.07540759926
983	0.03243622186	0.07533618959
984	0.03242125108	0.07530562491
985	0.03240082367	0.07525688459
986	0.03238976584	0.07521967795
987	0.03236724053	0.07516927118
988	0.03235142517	0.07512127573
989	0.03234969367	0.07511800749
990	0.0323234754	0.07506948213
991	0.03232214668	0.07506801025
992	0.03229823048	0.07501320949
993	0.03229293338	0.07500355139
994	0.0322742288	0.07497208781
995	0.03225273403	0.07492912188
996	0.03222107989	0.07487788571
997	0.03221979226	0.07487434767
998	0.0322104033	0.0748518391
999	0.03219010683	0.07480753129
1000	0.03217898731	0.07479064123
1001	0.03215972922	0.07475065803
1002	0.03214348994	0.07469196265
1003	0.03213424637	0.07466928111
1004	0.03211988653	0.0746341372
1005	0.03211675935	0.07462841808
1006	0.03210355515	0.0746035603
1007	0.03207751306	0.07454657132
1008	0.03207685265	0.07454478211
1009	0.03206535956	0.07451896669
1010	0.03205805987	0.07449928204
1011	0.03204346786	0.07446427819
1012	0.03203066048	0.0744374629
1013	0.03203024693	0.07443667453
1014	0.03201516722	0.0743995096
1015	0.03199669966	0.07436308048
1016	0.03198339157	0.07432391256
1017	0.03196839411	0.07429353251
1018	0.03196732889	0.07429017644
1019	0.03194525365	0.07424192358
1020	0.03193303503	0.07421321366
1021	0.03192130029	0.07418805218
1022	0.03190316403	0.07413898529
1023	0.03190247173	0.07413754705
1024	0.03188198803	0.07409360824
1025	0.03186394938	0.07405095488
1026	0.03184920751	0.07401267877
1027	0.0318182944	0.07395378643
1028	0.03180946649	0.07392565486
1029	0.03179669199	0.07389659123
1030	0.03177174563	0.07384169193
1031	0.03177117373	0.07384035412
1032	0.03175765022	0.07379492182
1033	0.03174878931	0.07377190795
1034	0.03174565868	0.07376538701
1035	0.03172759129	0.07373150787
1036	0.03171567807	0.0737011858
1037	0.03171091232	0.07369355165
1038	0.03169727829	0.07365685592
1039	0.03168329421	0.07362556848
1040	0.0316668035	0.07358785733
1041	0.03164070895	0.07354250135
1042	0.03163237038	0.0735159355
1043	0.03161133298	0.07347636785
1044	0.03159692882	0.0734329466
1045	0.03158718951	0.07340008892
1046	0.03156984717	0.07337077404
1047	0.03156190331	0.07334688661
1048	0.03153845258	0.07330566154
1049	0.03152634056	0.07328213369
1050	0.0315012235	0.07322499787
1051	0.03147978639	0.07316750582
1052	0.03146557417	0.07313371148
1053	0.031455531	0.07309014418
1054	0.03143413217	0.07305078739
1055	0.03142216141	0.0730264927
1056	0.03141118425	0.07300051783
1057	0.0313863727	0.07295450398
1058	0.03137332513	0.07292389059
1059	0.03135350734	0.07288755726
1060	0.03133241296	0.0728512701
1061	0.03132920438	0.07284611641
1062	0.03131072474	0.07280757339
1063	0.03129457825	0.07278324475
1064	0.03127932975	0.0727505248
1065	0.0312596191	0.07270501882
1066	0.03124244548	0.07265314598
1067	0.03123079629	0.0726179012
1068	0.03121861043	0.07258968322
1069	0.03120573464	0.07256385988
1070	0.03118997211	0.0725189062
1071	0.03117681354	0.07249220925
1072	0.03115963055	0.07246407471
1073	0.03114866322	0.07243429673
1074	0.03113441348	0.07239196396
1075	0.03112426746	0.07236247337
1076	0.03110279305	0.07231952203
1077	0.03108929121	0.07228421303
1078	0.0310794466	0.07225211767
1079	0.03107213576	0.0722282443
1080	0.03105864118	0.07220113508
1081	0.031044518	0.07216914573
1082	0.03103458796	0.07214886217
1083	0.03102419893	0.07212851415
1084	0.03102228679	0.07212289173
1085	0.03100391284	0.07209219271
1086	0.03099395582	0.07206316335
1087	0.03098306757	0.07204047223
1088	0.03097321977	0.07201673502
1089	0.03095830853	0.07196887362
1090	0.03094598197	0.071938784
1091	0.03093241419	0.07190951922
1092	0.03092069191	0.07187864973
1093	0.03091001641	0.071853065
1094	0.03089933682	0.07182483808
1095	0.03088370441	0.07179553669
1096	0.03086979363	0.07176011757
1097	0.03084154229	0.07170045518
1098	0.03083809166	0.07169556266
1099	0.03082611051	0.07166470108
1100	0.0308247882	0.07166287085
1101	0.03080646433	0.0716333237
1102	0.03079548767	0.07160510171
1103	0.03077079778	0.07155790768
1104	0.030768766	0.07155313171
1105	0.03073421411	0.07148972649
1106	0.03071321334	0.07144140145
1107	0.0306997601	0.07141137537
1108	0.03068520089	0.07136886478
1109	0.03067548945	0.07133886439
1110	0.03065266515	0.07129931417
1111	0.03063403237	0.07126624894
1112	0.03061652532	0.07122053188
1113	0.03059613869	0.07116365979
1114	0.03057305491	0.07110272604
1115	0.03056810118	0.07108484222
1116	0.03055841785	0.0710486502
1117	0.0305507761	0.07102045264
1118	0.03053832287	0.07100122046
1119	0.03050969862	0.07094084012
1120	0.03050656339	0.0709331557
1121	0.030500902	0.0709132674
1122	0.03050018852	0.07091217624
1123	0.03048214832	0.07087328445
1124	0.0304562914	0.07080728271
1125	0.03043799107	0.07076343579
1126	0.03042086332	0.07073199951
1127	0.03040052617	0.07069605982
1128	0.03038793986	0.07066440147
1129	0.0303676352	0.0706104607
1130	0.03035408318	0.07057382918
1131	0.03034086408	0.07055074747
1132	0.03032801253	0.07052160472
1133	0.03031780128	0.07050050436
1134	0.03030802662	0.07047597878
1135	0.03028612061	0.07043356021
1136	0.03026764795	0.07039634413
1137	0.03025230564	0.07036381366
1138	0.03024288574	0.07033457939
1139	0.03023100561	0.07030096726
1140	0.03021277104	0.07026470937
1141	0.03020192579	0.07024566286
1142	0.03018870033	0.07021160674
1143	0.03016963579	0.07016253245
1144	0.03015413597	0.07013326949
1145	0.03013319779	0.0700818736
1146	0.03010859005	0.07003860612
1147	0.03008947847	0.07000173381
1148	0.03007152742	0.06996144315
1149	0.03005345321	0.0699241615
1150	0.03003693975	0.06988445341
1151	0.03002618606	0.06985788778
1152	0.02999699822	0.06979174922
1153	0.02998014846	0.06976198549
1154	0.0299763323	0.06975606054
1155	0.02996763628	0.0697322308
1156	0.02995234864	0.06968772487
1157	0.02993852478	0.06966847197
1158	0.02992946523	0.06964717357
1159	0.02992180123	0.06962431277
1160	0.02991114602	0.06959497094
1161	0.0298961114	0.0695555307
1162	0.02987402013	0.06950725714
1163	0.02986103981	0.06946877244
1164	0.02985611214	0.06945361262
1165	0.02985066794	0.0694382207
1166	0.02981816845	0.0693656912
1167	0.02980911825	0.06934341745
1168	0.02979086888	0.06930770177
1169	0.0297819926	0.0692784488
1170	0.02977148666	0.06925333315
1171	0.02976283512	0.06923058286
1172	0.02974923147	0.06919935887
1173	0.02972083606	0.06912934882
1174	0.02971833831	0.06912228776
1175	0.029690576	0.06907270144
1176	0.02966604781	0.06901060802
1177	0.02965086358	0.06897332851
1178	0.02963416166	0.06893690816
1179	0.02962279544	0.06890643904
1180	0.02962161522	0.06890483751
1181	0.02960260583	0.06886528751
1182	0.02957482092	0.06880344658
1183	0.02956099371	0.06876391768
1184	0.02954156463	0.06873187431
1185	0.02953492662	0.06871786936
1186	0.02952158757	0.06868689289
1187	0.0295125182	0.06866074158
1188	0.02951016191	0.06865722074
1189	0.02949116022	0.06861686862
1190	0.02948350308	0.06859638613
1191	0.02945830872	0.06854115819
1192	0.02944647695	0.06850434119
1193	0.0294452177	0.06850181858
1194	0.02943634304	0.06847640077
1195	0.02942791239	0.06845531133
1196	0.02941216493	0.06842466702
1197	0.02940196415	0.06838484297
1198	0.02938225635	0.06833550585
1199	0.02935624858	0.06829104363
1200	0.02935074174	0.06827494288
1201	0.02932723358	0.06822248321
1202	0.02931721414	0.06819896318
1203	0.02930589175	0.06816993231
1204	0.02928935955	0.06813222795
1205	0.02927225476	0.06809889081
1206	0.02926452209	0.06807838761
1207	0.02924802586	0.06804264592
1208	0.02923893409	0.06802419585
1209	0.02923230991	0.06800676711
1210	0.02922090611	0.06798138543
1211	0.02920932535	0.06795464139
1212	0.02920230742	0.06793610324
1213	0.02919184125	0.06790905155
1214	0.0291800475	0.06787769079
1215	0.02917882568	0.06787600828
1216	0.02916236131	0.0678400159
1217	0.02915055121	0.06781261353
1218	0.02913794249	0.06778569128
1219	0.02911902969	0.06773779812
1220	0.0291037162	0.06771257226
1221	0.0291013767	0.06770824777
1222	0.02908993557	0.06767647283
1223	0.02906975152	0.06762880205
1224	0.02905771317	0.06759646938
1225	0.0290412908	0.06755903598
1226	0.02902388896	0.06752229214
1227	0.02900850753	0.06749072637
1228	0.02899476953	0.06745729415
1229	0.02897657121	0.06742029404
1230	0.02895542362	0.06736976562
1231	0.02894820822	0.0673514012
1232	0.02894102183	0.06732927752
1233	0.02892793015	0.0672958448
1234	0.0289196038	0.06727682
1235	0.02890942469	0.06725364009
1236	0.02889845958	0.06723812247
1237	0.02888810514	0.06721460596
1238	0.02887629113	0.06719259517
1239	0.02886050954	0.06716473552
1240	0.02885006684	0.0671436198
1241	0.0288438193	0.06712811068
1242	0.02882772501	0.06709178709
1243	0.02881986109	0.06706953721
1244	0.02879913871	0.06703596941
1245	0.02879784068	0.06703299284
1246	0.02877976934	0.06699407494
1247	0.02877111485	0.06697290414
1248	0.02875667596	0.06695216462
1249	0.02874526393	0.06692566844
1250	0.02872444831	0.06688005158
1251	0.02871105923	0.06684921573
1252	0.02870003631	0.06682968866
1253	0.02869146374	0.0668052866
1254	0.02867195633	0.06675919316
1255	0.02865553236	0.06672588228
1256	0.02863447246	0.06668701949
1257	0.02862897545	0.06666409499
1258	0.02861382687	0.06663133121
1259	0.02860560164	0.06659688778
1260	0.02858881537	0.06655680533
1261	0.02858745723	0.06655444184
1262	0.02858707502	0.06655399245
1263	0.02857763301	0.06653461663
1264	0.02855757415	0.06648895957
1265	0.02855203042	0.06647597181
1266	0.02854058834	0.06645314746
1267	0.02853044306	0.06643033422
1268	0.02851748521	0.0663999553
1269	0.02850896732	0.06637312031
1270	0.02849066709	0.06634375152
1271	0.02847959778	0.06631345385
1272	0.02847040196	0.06628804594
1273	0.02845691751	0.0662654937
1274	0.02844905589	0.0662478927
1275	0.02844070156	0.06622508971
1276	0.02841154546	0.06616721278
1277	0.02839929957	0.0661405347
1278	0.02837002897	0.06608573582
1279	0.02834848656	0.06603584805
1280	0.02832518144	0.06598802527
1281	0.02830708935	0.06595772198
1282	0.02830374655	0.06595183569
1283	0.02829231068	0.06592679181
1284	0.02828162685	0.06589738657
1285	0.02825560443	0.06583701918
1286	0.02825016782	0.06582312413
1287	0.02822492059	0.06576838568
1288	0.0281998848	0.06572671895
1289	0.02819502509	0.06571211803
1290	0.02818690041	0.06568313297
1291	0.0281780383	0.06565939862
1292	0.02816590463	0.06563707709
1293	0.0281557891	0.06561160988
1294	0.02814358977	0.06557615797
1295	0.02812733002	0.06553946837
1296	0.02811729256	0.06551231589
1297	0.02810572516	0.06548104269
1298	0.02809492607	0.06545663485
1299	0.02808297176	0.06543364332
1300	0.0280664056	0.06539585324
1301	0.0280554923	0.06536862074
1302	0.02804308121	0.06534577566
1303	0.02803337155	0.06532459648
1304	0.02802346724	0.06530369122
1305	0.02801430363	0.0652782025
1306	0.02800718934	0.06526037746
1307	0.02799811971	0.06523934285
1308	0.02798988944	0.06521720955
1309	0.0279765335	0.06518724602
1310	0.02796640422	0.0651658532
1311	0.02794846417	0.06513347788
1312	0.02794097948	0.06511008255
1313	0.02793826234	0.06510370827
1314	0.0279213486	0.06505613391
1315	0.0279112499	0.06502468857
1316	0.02789748761	0.06499553968
1317	0.02789261435	0.06498129416
1318	0.02788158001	0.06494927667
1319	0.027876778	0.06493770635
1320	0.02786420998	0.06490900288
1321	0.02785204409	0.06488327928
1322	0.02784179773	0.06485495916
1323	0.02783324715	0.06483849018
1324	0.02782114379	0.06480319902
1325	0.02781186915	0.06477842161
1326	0.02779857243	0.06474052716
1327	0.02778596541	0.06471291439
1328	0.02777804774	0.06469514818
1329	0.02776647426	0.0646649015
1330	0.02775500576	0.06463790396
1331	0.02774144367	0.06461031345
1332	0.02773081762	0.06457879687
1333	0.02772003965	0.06455526619
1334	0.02770800873	0.06451780063
1335	0.02769077956	0.06447758522
1336	0.02768184997	0.06445398503
1337	0.02766582663	0.06441647753
1338	0.02765479158	0.06438927724
1339	0.02763429898	0.06434325925
1340	0.02762800369	0.06432237296
1341	0.02760988944	0.06427835089
1342	0.0276041344	0.06426091038
1343	0.02759547553	0.06423872155
1344	0.0275832609	0.06421673877
1345	0.02757382442	0.0641904235
1346	0.02755755137	0.06414778155
1347	0.02755619199	0.06414597752
1348	0.02754664296	0.06412272699
1349	0.02753773944	0.06410648826
1350	0.02752277878	0.0640782512
1351	0.0275082235	0.06404106598
1352	0.02749599187	0.06401762552
1353	0.02748474871	0.06399871951
1354	0.02747606754	0.06397847453
1355	0.0274572816	0.06393647822
1356	0.02744286136	0.06390894574
1357	0.02742163199	0.06386723998
1358	0.02740655172	0.06383508587
1359	0.02740640862	0.06383481262
1360	0.02739817105	0.06381112584
1361	0.02738347539	0.06377545748
1362	0.02737642548	0.06375501216
1363	0.02736575201	0.06372998883
1364	0.02735521727	0.06369659598
1365	0.02734567965	0.06366672816
1366	0.02733633589	0.06364551132
1367	0.02732487851	0.06361802833
1368	0.02731293879	0.06358539967
1369	0.02730741872	0.06356809138
1370	0.02729115333	0.06354228605
1371	0.02728141136	0.06351825622
1372	0.02726902595	0.06348647087
1373	0.0272534113	0.06346056001
1374	0.02724022946	0.06343087705
1375	0.02723804725	0.06342579477
1376	0.02723097276	0.06340685702
1377	0.02721553133	0.06337051421
1378	0.02720269142	0.06334301581
1379	0.02718934631	0.06331299374
1380	0.02718149095	0.06329280336
1381	0.027175748	0.06327605846
1382	0.02715778606	0.0632311926
1383	0.02714794877	0.06320982529
1384	0.02713506141	0.06318807998
1385	0.02712610868	0.06316672389
1386	0.02712476231	0.06316491968
1387	0.02711253352	0.0631421958
1388	0.02710622491	0.06311992649
1389	0.02710609747	0.06311955312
1390	0.02709707342	0.06309595089
1391	0.0270842963	0.06306123117
1392	0.02707476734	0.06303454728
1393	0.02706318958	0.06300582393
1394	0.02704928563	0.06297954712
1395	0.02703709945	0.06295486516
1396	0.027025479	0.06293289538
1397	0.02701778804	0.06291256425
1398	0.02700106381	0.06287324345
1399	0.02699000621	0.06285322876
1400	0.02697876182	0.06284037154
1401	0.02696186279	0.06281123859
1402	0.02694801062	0.06277935914
1403	0.02693874357	0.06275859415
1404	0.026926617	0.06273338713
1405	0.02691689622	0.06271069829
1406	0.02689857504	0.06267551354
1407	0.02687571257	0.06263012742
1408	0.02686902796	0.06260992409
1409	0.02686124465	0.06258926173
1410	0.02684880463	0.06256047431
1411	0.02684614896	0.06255132449
1412	0.02683157869	0.06252248391
1413	0.02682317484	0.06250442526
1414	0.02681538213	0.06248489499
1415	0.02680328819	0.06245955283
1416	0.02679173224	0.06243857047
1417	0.02677472804	0.06240681863
1418	0.02676671377	0.0623828275
1419	0.02674904021	0.06235197542
1420	0.02673945106	0.06233356923
1421	0.02673612665	0.06232619902
1422	0.02672870608	0.06230907836
1423	0.02671572142	0.06227735634
1424	0.02670840737	0.0622616281
1425	0.02669241703	0.06223096559
1426	0.02668078479	0.06221243662
1427	0.02666694409	0.06218614294
1428	0.02665400602	0.06216139984
1429	0.02664454581	0.06214241711
1430	0.02664310615	0.06213957343
1431	0.0266357549	0.06211902717
1432	0.0266246465	0.06210205015
1433	0.02661559085	0.0620793709
1434	0.02660841453	0.06206216184
1435	0.02659852923	0.06203994753
1436	0.02658412454	0.06200562047
1437	0.0265833623	0.06200342644
1438	0.02657220521	0.06197699727
1439	0.02655864873	0.06195491688
1440	0.02655254748	0.06194059819
1441	0.02655226977	0.06194011216
1442	0.02654079469	0.06190733081
1443	0.02652474373	0.06187919043
1444	0.02650770643	0.06183793417
1445	0.02649441842	0.06180965473
1446	0.02648228677	0.06177882672
1447	0.02647280465	0.06175796514
1448	0.02646309786	0.0617305996
1449	0.02645090426	0.06170245528
1450	0.02643773595	0.06167719983
1451	0.02642053733	0.06163776555
1452	0.02640703035	0.06161340612
1453	0.02640629209	0.06161192494
1454	0.02640180577	0.06159637556
1455	0.02639633153	0.06158394757
1456	0.02638826479	0.06157352786
1457	0.02637821954	0.06154741141
1458	0.02636980466	0.06153097083
1459	0.0263653521	0.06152215847
1460	0.02635587533	0.06150010083
1461	0.02634415829	0.06147700199
1462	0.02633498075	0.06145562506
1463	0.0263337735	0.06145337856
1464	0.02632334359	0.06141456595
1465	0.02631626247	0.06139549383
1466	0.02630250123	0.06135742413
1467	0.02629432076	0.06133605041
1468	0.02628280662	0.06131615035
1469	0.02627316449	0.06128730107
1470	0.02626444164	0.061269164
1471	0.02626007541	0.0612601521
1472	0.02624902416	0.06123720505
1473	0.02624787782	0.06123558066
1474	0.02622907534	0.06120081375
1475	0.02622313628	0.06118825312
1476	0.02620876614	0.06116300161
1477	0.02620751781	0.06116056379
1478	0.02619792822	0.06114542071
1479	0.02618270516	0.06111526124
1480	0.02616537928	0.06107507965
1481	0.02615230255	0.06105039259
1482	0.02614133799	0.06102550158
1483	0.02614122235	0.06102525898
1484	0.02613044793	0.0610054336
1485	0.02611660321	0.06096818112
1486	0.02610631596	0.06094068808
1487	0.02610327728	0.06093360238
1488	0.02609318323	0.06091127505
1489	0.02608440274	0.06088703073
1490	0.02607746042	0.06086814737
1491	0.02606449646	0.06084095425
1492	0.02606094159	0.06083419149
1493	0.02604910027	0.06080800444
1494	0.02603457795	0.06078290217
1495	0.02602386856	0.060757598
1496	0.02600976075	0.06071614343
1497	0.02600251903	0.06070107152
1498	0.02599812557	0.06069228979
1499	0.02599427372	0.06068283496
